,Comments,Origin
0,"La realidad es Q veo qu√© MUJERES/
HOMBRES, QUE NECESIDAD DE SOBRE EXPONERSE.. üòí AL MENOS 3 FIESTAS EN UNA NOCHEüôÑüò≥ü§ØQUE CARAMBAüòí
Todos somos humanos aveces somos muy.. confiados.. üòû y aca los resultados: ASI QUE A ASUMIR RESPONSABILIDAD
ES, PAP√ÅS OMISOS, JOVENES DESBORDADOS, AUTORIDADES REBASADOS POR LA DELINCUENCIA, FALSOS AMIGOS, UNA BUENA MEZCLA . . üò∞ü§ê",Excelsior
1,"Ella no lo abordo parece que la subier√≥n, se ve un hombre subirse adelante de ese veh√≠culo",Excelsior
2,"Debanhi V√≠ctima de dos ¬´narco juniors¬ª

Jehieli Sarahi e Ivonne Alejandra, sus ¬´amigas¬ª, la regenteaban clandestinament
e en fiestas a las que acude el crimen organizado caso debanhi
*Juan David Cu√©llar ¬´el chofer de confianza¬ª es amigo de la ex modelo y actual esposa del gobernador de Nuevo Le√≥n.

*La Quinta donde se efectu√≥ la fiesta a la que acudi√≥ Debanhi Susana es propiedad de Juan Cisneros Trevi√±o alias ¬´El Juanito¬ª, l√≠der del C√°rtel de Noroeste.

Poco a poco el velo del misterio ha comenzado a retirarse del caso de Debanhi Susana Escobar Balzald√∫a, aquella joven de 18 a√±os de edad que estudiaba abogac√≠a en la Facultad de Derecho y Criminolog√≠a en la Universidad Aut√≥noma de Nuevo Le√≥n y que fue reportada como desaparecida desde el pasado 8 de abril y encontrada muerta en el interior de la cisterna de un Motel, el pasado jueves 21, en el municipio de Escobedo, ubicado en el Estado de Nuevo Le√≥n.

Y es que de acuerdo con nuevos resultados de investigaciones
proporcionados a este medio informativo, Debanhi fue v√≠ctima de un par de ¬´narco juniors¬ª que asistieron a la misma fiesta que ella, y que fue invitada por sus ¬´amigas¬ª Jehieli Sarahi L√≥pez e Ivonne Alejandra Ram√≠rez a quienes conoci√≥ por facebook hac√≠a solamente cinco meses. No se frecuentaron mucho personalmente pero si sosten√≠an largas pl√°ticas mediante dicha red social y hasta intercambiaron n√∫meros de tel√©fono celular para estar m√°s en contacto y a cualquier hora.

De acuerdo con agentes policiacos encargados del caso, Debanhi y sus dos amigas acudieron a una Quinta ubicada en la colonia Nueva Castilla, que al parecer es propiedad de Juan Cisneros Trevi√±o alias ¬´El Juanito¬ª actual l√≠der del Cartel de Noreste, a donde acudieron varios j√≥venes que son hijos y familiares de poderosos narcotraficante
s que operan en la zona norte del pa√≠s y que muchos de ellos est√°n radicados en San Pedro Garza Garc√≠a, Monterrey y en la colonia Nueva Castilla.

En una pl√°tica telef√≥nica que sostuvieron con el autor de esta columna los empresarios aseguran que antes el Motel Castilla ten√≠a un giro tur√≠stico y con el tiempo decidieron cambiarlo a sus funciones actuales, toda vez que no les redituaba lo suficiente para su mantenimiento ni para los salarios de sus trabajadores.

¬´Es la primera vez que nos sucede este tipo de situaciones, aqu√≠ nunca se hab√≠a cometido ning√∫n crimen ni tampoco hab√≠an surgido problemas, tenemos instaladas c√°maras de seguridad en puntos estrat√©gicos para vigilar cada movimiento que se registra en el inmueble y efectivamente hay videos en donde si se ve a la chica entrar caminando al Motel y dirigirse hacia la administraci√≥n,
donde incluso, unos empleados le indicaron que ya la estaban esperando unos clientes¬ª.

Los propietarios del Motel aseguran que desconocen si sus empleados tienen alg√∫n tipo de conexi√≥n con integrantes de grupos que se dedican a la trata de personas, situaci√≥n que ya es investigada por las autoridades, aunque fue motivo para que dicho inmueble quedara asegurado hasta que concluya el caso.

Sin embargo, existen otros videos que fueron captados por las c√°maras de seguridad donde se observa el momento en que despu√©s de que Debanhi entra al Motel, se dirige a la recepci√≥n y recibe la indicaci√≥n de uno de los empleados de que ya la est√°n esperando, ella se dirige hacia el fondo de un pasillo y se mete a una habitaci√≥n.

Una vez que cometieron el asesinato, aquellos criminales, quienes al parecer ya eran conocidos de los empleados de recepci√≥n del Motel, sacaron a la chica en su auto y se la llevaron. No se sabe al momento donde la mantuvieron oculta durante 13 d√≠as, pero al momento en que el cuerpo comenz√≥ a descomponerse, optaron por regresar en otro auto y bajo la supervisi√≥n de los mismos empleados de la recepci√≥n pasaron por un √°rea donde no pod√≠an ser captados por las c√°maras y se dirigieron a la parte trasera del inmueble, bajaron el cuerpo del auto que estaba envuelto en s√°banas y metido en una bolsa de pl√°stico color negro.

Una vez que lo desenvolvieron,
lo colocaron en una cisterna que ya no estaba en funciones, que horas antes no ten√≠a agua, solamente lodo cuyo espesor no llegaba ni a los cincuenta cent√≠metros de espesor. Pero en esos momentos, ¬´casualmente¬ª ya estaba llena con agua. Una vez cometida esa acci√≥n, los presuntos responsables se retiraron del lugar.

Horas despu√©s, fue cuando los mismos empleados que participaron en la ¬´siembra del cad√°ver¬ª llamaron a la polic√≠a para notificar que se hab√≠an percatado de un olor f√©tido que emanaba de la parte trasera del hotel y que cuando se acercaron pudieron ver que hab√≠a un cad√°ver en el interior de una de las cisternas.

Esto fue el suceso real platicado por un an√≥nimo que vio todo no se quien es ni nada, pero nos platica tal cual como vio todo lo que paso y lo que escucho.

Dice que el culpable de todo fue el ""Jaguar"" quien golpeo a Debanhi y luego la violo por que se dice que se escuharon gritos y auxilio dentro del motel, si alguien puede hacer llegar este comunicado al papa de Debanhi ahi esta la foto de el y el responsable de causarle una contusi√≥n cerebral.",Excelsior
3,"Ya me da m√°s risa que l√°stima esto , que indignaci√≥n solo veo

Una morra que se sinti√≥ que no le pasar√≠a nada por ser mayor de edad

Unos amigos (( hombres y mujeres )) que la abandonaron

Unos padres que les importo poco mientras viv√≠a

Y un gobierno que solo sabe excusarse ante su incompetencia

La verdad es que todos ellos cometieron errores unos m√°s culpables que otros pero la culpa fue de todos ellos ,

Veo mucha gente diciendo que quiere libertad y seguridad ja ja ja ,que absurdo no puede existir libertad sin correr riesgos ,se que a muchos no les gustar√° esto pero es as√≠ ,

Desde el estudiante que sale a la escuela,el adulto que sale a trabajar y el anciano que sale por el pan ,todos sin excepci√≥n se arriesga todos los d√≠as ,creer que por qu√© por salir a la calle est√°n blindados o son indestructibles
es arrogancia pura .",Excelsior
4,Ya d√©jenla descansar en paz no tienen otra noticia??? No es solo ella son todas las desaparecidas de absolutamente todo el pa√≠s,Excelsior
5,La sociedad siempre tiene sus Villanos y sus v√≠ctimas favoritos. Ya dejen ese tema en paz. Hay muchas otras mujeres que hoy estan desaparidas y otras que podemos evitar que suceda tomando como personas y como familia acciones.,Excelsior
6,"Los medios de comunicaci√≥n siendo t√≠teres del gobierno incompetente y de las autoridades, que ya deber√≠an de dejar de especular y resolver el caso.

#EnFinLaHipocre
sia üôÑ",Excelsior
7,"Recuerden que los medios son 100% gubernamentales
, sacan lo de su antojo, no se dejen enga√±ar, esa es la cortina de humo, que quieren que creamos",Excelsior
8,en una conversaci√≥n que muestran una de las amigas dijo iba por ella,Excelsior
9,"A Debanhi la asesinaron la fiscal√≠a de NL,est√° protegiendo a los femisidas,encon
traron m√°s cadaveres",Excelsior
10,C√≥mo son amarillista eya no lo abordo p√°rese un hombre que abordo en d√≥nde Debanhi est√° cuando sali√≥ corriendo,Excelsior
11,"A la chica la persegu√≠a ese taxista , porque lo hacen parecer inocente al tipo y a las seudoamigas?
No se dan cuenta que la envidia pudre üò†üò†üò†ellos tienen mucho que decir y lo ocultan",Excelsior
12,"P√°rese que todav√≠a estamos en sexenios pasados donde usaban un distractor para desviar la atenci√≥n de la gente para con estos acontecimientos
para manipular la pol√≠tica",Excelsior
13,"Yo escuch√© que llegaron los extraterrestres
y se la shevaron con su rasho l√°ser",Excelsior
14,Como que ya le dieron mucho ruido a este caso tantas muchachas que desaparecen y dan la noticia y ah√≠ queda,Excelsior
15,"Ella ya no salio de all√≠, hicieron ese video hasta despu√©s para volver a investigar",Excelsior
16,"Ya fastidian que entr√≥, que sali√≥, que estaba tomada, aqu√≠ lo que le importa a sus padres es quien la mato!!!! üò°üò°üò°",Excelsior
17,Dejen en paz a esa pobre mujer.,Excelsior
18,El que se supone que salio ser√≠a del que iba huyendo Debanhi,Excelsior
19,"Ya d√©jenla descansar en paz. Su lamentablemente
caso ya se convirti√≥ en un circo.",Excelsior
20,Ya con esto c olvid√≥ el tema d lo q pas√≥ en Quer√©taro no???,Excelsior
21,yo pienso que ella se porto as√≠ por coraje por mido estaba aterrada por que esta sola con toda esa gente que la segu√≠an y las disque amigas la dejaron sola a su suerte tambi√©n si las tres llegaron a la fiesta juntas las tres divieron regresar de la fiesta juntas que no el deseo de la chica esta entre las disques amigas y el taxista la √∫nica que supo la verdad y se llev√≥ la verdad fue ella pero llano esta en este mundo que en paz descanse a sus padres mis condolencias Dios los bendiga y que se aclare todo esto chicos chicas no conf√≠en en los amigos conf√≠en siempre en sus pap√°s pap√°s est√©n m√°s pendientes con sus hijos,Excelsior
22,Aayyy ya pinche novela!,Excelsior
23,Simplememte lalo y pollet que paso saben que fue el papa para espamtar a su ex pero no se vale,Excelsior
24,Hay muchas m√°s mujeres desaparecidas as√≠ de igual forma le deben de dar importancia,Excelsior
25,Al final fue a motelear como todos,Excelsior
26,Enredo tras enredo y nunca van a decir que pas√≥ en realidad üòû as√≠ es la justicia en nuestro Pa√≠s.,Excelsior
27,A ok y luego regreso y se atento ala cisterna no psss wow chingonasa investigaci√≥n,Excelsior
28,Y son videos hechizos. Ella ya no se puede defender. D√©jenla en paz!!,Excelsior
29,Ya d√©jenla en paz! Puro chisme ya !!!,Excelsior
30,"¬ø""abordo"" o"" abord√≥""?",Excelsior
31,Suele pasar echarle toda la culpa al muerto total ya no se puede defender.,Excelsior
32,Siguen con su pantalla de humo.,Excelsior
33,"Ya est√°n como el caso de Benito el de Vecinos, dijeron qui√©n le dispar√≥?",Excelsior
34,"Acabo de ver esta entrevista y mencionan a 2 personas con nombre y apellido como los asesinos de Debanhi
La entrevista comienza a partir de el minuto 59
https://
youtu.be/
O9zx5jH8w0I",Excelsior
35,Si sali√≥ o no sali√≥ del motel. Se subi√≥ o no a otro carro el echo es encontrar que la mato y punto,Excelsior
36,La fiscal√≠a no hace nada est√°n esperando a que huyan los involucrados,Excelsior
37,Voy a ser muy cruel pero en mi entender la muchacha estava muy tomada le creeo al taxista por los audios pero no creo que tenda nada que ver que el cuerpo fue sembrado si lo creo que investiguen a los de el hotel es mi humilde opinion,Excelsior
38,Montaje ‚òπÔ∏è ya no est√° para defenderse ü§∑,Excelsior
39,"Y entonces como apareci√≥ muerta hay,como se la j__an,y los del hotel nunca la miraron entrar y salir,uno no puede entrar a un hotel as√≠ nom√°s.",Excelsior
40,"Est√°n tratando de hacer un rompecabezas, para confundir
Los hechos,ya saben por d√≥nde
Empezar,las ""amigas""son c√≥mplices,",Excelsior
41,"Ya todo esto est√° muy contaminado,por
las autoridades, por el pap√° haciendo de declaraciones que entorpecen la investigaci√≥n y las redes sociales comentando todo eso contaminan y entorpecen una investigaci√≥n",Excelsior
42,No mamis otra vez esa vieja ya cambien de tema solo est√°n distrayendo a la sociedad de las verdaderas noticias ya est√° muerta no la van a revivir ya dej√© la descansar en paz,Excelsior
43,"Las amigas dicen que estaba tomada, el taxista dice tambi√©n que ella estaba toands, realmente una chamaca borracha no corre bien ella en ning√∫n momento se cae, no parece borracha, si viera estado borracha r√°pido se la llevan, as√≠ que mienten tanto el taxista y las amigas",Excelsior
44,Porque no dicen que nxum est√° detr√°s,Excelsior
45,Con esta noticias est√°n entreteniendo a la gente mientras estas personas siguen haciendo m√°s da√±o a las jovencitas que se est√°n perdiendo,Excelsior
46,A esta historia p√≥nganle el final que a cada quien le guste .,Excelsior
47,Ya deber√≠an de dejar que descance en paz,Excelsior
48,"No se ve que sea ella ya que ella llevaba estraple, m√°s bien se parece al que la jaloneo",Excelsior
49,"Seg√∫n la ‚Äúamiga‚Äù que contacto por Facebook a Debanhi 4 meses antes y ni siquiera se conoc√≠an en persona se sent√≠an inseguras a las 4 de la ma√±ana por eso la dejaron, ah pero se sintieron ‚Äúseguras‚Äù que desconocido les dieran ‚Äúraite‚Äù y todav√≠a se fueron con desconocidos a los que antes hab√≠an acusado de robarse un celular y que antes ese mismo tipo atacaba a Debanhi. Pero no se fueron con Debanhi con el Didi que les dio ‚Äúconfianza‚Äù Puras contradicciones
lo bueno que ya tienen un buen abogado que es famoso por defender a narcos que quien sabe quien lo paga porque seg√∫n ni para regresar ten√≠an..
Y casualmente en el video del motel se ve a un tipo que parece ser el mismo que acosaba a Debanhi antes, si claro el mismo que les dio ‚Äúraite‚Äù la siguieron e hicieron que se bajara ah√≠? Justo a unos metros del Motel, porque entra corriendo, era el plan? hasta el carro se ve y descienden personas, ellas tienen todo que ver...desde la fiesta se la quer√≠a llevar el tipo por eso Debanhi corre y le da una patada, se dio cuenta por eso el Didi dice que Debanhi estaba llorando y dec√≠a que eran malas ‚Äúamigas‚Äù accidente quien va a creer eso, el pap√° dice que ni√±a ten√≠a muchos golpes en la cara y marcas en cuello, a ella la tuvieron secuestrada en el mismo motel ya nunca sali√≥ de ah√≠.. ah y en videos nunca se ve borracha, corre y camina perfectamente, mas bien en la foto se ve asustada, pensativa, como volver a casa, hasta con cubrebocas.üò¢",Excelsior
50,Ta buena la serie....no maaa!!!!,Excelsior
51,"Si, se ve claramente, pero el contador del reloj no coincide ? esa es mi duda .,!",Excelsior
52,"Mafian Tv
Esto es verdad??",Excelsior
53,Y si ya mejor la dejamos descansar en paz,Excelsior
54,Dir√≠a mi bisabuela...ya d√©jenla descansar en paz.,Excelsior
55,Quiz√° el √∫nico lugar seguro o al menos que ella cre√≠a iba a estar segura era el Motel ! En la conversaci√≥n de la amiga le dice estoy cerca voy con el Jaguar comp√≥rtate! Y es ah√≠ que aguardo hasta que llegara la amiga por ell .,Excelsior
56,Ya chole con esto,Excelsior
57,Ma√±ana van a descubrir un destello de luz y dir√°n que fue una abducida,Excelsior
58,"Cuentos de Los Rimadores: LOS RIMADORES Y SU RESUMEN DE NOTICIAS # 9

Sigue nuestra p√°gina, con las noticias hecho cuento
Este es el resumen que leer√°n sin aburrimiento:

Fue una semana de Debanhi , generando en el pa√≠s un gran sentir.
Que si el taxista, las amigas y hasta los padres
Todo M√©xico anda pensando quienes son los culpables
Generando teor√≠as de quienes son los responsables.
La muerte en este caso fue inevitable
Y cada d√≠a que pasa se sigue conociendo cosas para la familia desagradable.
Sobre la muerte de la joven Debanhi
Nos deja una gran lecci√≥n:
Que debemos cuidarnos, es lo que aprend√≠.
Mientras hacen la chamba, los legisladores de la naci√≥n‚Ä¶

La palma de la glorieta fue retirada
y su reemplazo el pueblo podr√° elegir
7 opciones de √°rboles y una opci√≥n para sugerir
Piensa , que es lo que m√°s te gustar√≠a a ti‚Ä¶

El sem√°foro epidemiol√≥gico se despidi√≥
Pues los casos de Covid en M√©xico , disminuy√≥
Todo M√©xico se encuentra en Verde
Aunque el negocio de mi cubrebocas es el que pierde‚Ä¶

Y el presidente la otra semana presentar√°
El plan para que haya precios justos de la canasta b√°sica
Dicho plan se supone que ayudar√°
Al bolsillo de los mexicanos, pu√©s el dinero ya no alcanza

Y los temas de siempre no hay cambio
Ucrania y Rusia siguen en guerra hasta el cansancio‚Ä¶

Los opositores y AMLOVERS cada cual se creen los mejores
Unos a otros se llaman traidores
Mientras que nosotros los trabajadores
Estamos de espectadores
Esperando que dejen de pelear y se pongan a trabajar
Por nuestro M√©xico lindo, que todo esto nos llega afectar

Si llegaste hasta aqu√≠ podr√≠as decir
RIMADOR m√°s noticias te faltaron aqu√≠

Muchas gracias por leer, si vas a mi p√°gina, m√°s cuentos podr√°s ver
Recuerda que todos vivimos un cuento diferente
La misma noticia , vivida por todo tipo de gente

Rimador,¬ø este cuento ya termin√≥? H√≠jole A√∫n NO‚Ä¶ La pr√≥xima semana MAS CUENTOS por CONTAR‚Ä¶
Oye no te vayas a ir, s√≠ mi P√ÅGINA pudieras SEGUIR, AQU√ç ESTA EL LINK
https://
www.facebook.com
/losrimadores
Y si no te gust√≥ mi cuento, gracias por leer atento.",Excelsior
59,Ella qued√≥ de verse con un sujeto en el motel nueva castilla por eso lleg√≥ ahi,Excelsior
60,"Jajaja ü§£ü§£ esto es una verdadera, tonter√≠a dan lastima est√°s notas jajaja ü§£ es que como ellos vieron exactamente el rostro, las piernas la bolsa el celular y todo cuando subi√≥ al coche jajajaja üòÇüòÇ pues que este periodista muestre la foto lejible y subiendo al autom√≥vil para que uno no ataque su nota quiero ver qu√© muestre esa foto con su rostro pero que sea el rostro de Debhani üòîüòî ok,ok,ok...",Excelsior
61,Estuvo buena la pda,Excelsior
62,Yo digo que fue el jaguar üò°,Excelsior
63,Ya me perdi en esta telenovela. Era una doncella pura e inocente o de cascos ligeros??? ü§£üòÇü§£üòÇ,Excelsior
64,Ya...no?,Excelsior
65,Sepa,Excelsior
66,"Hip√≥critas de doble y triple moral
Si aparecen vivas,se fueron de desmadre,( en este caso tambi√©n lo dicen),si no aparecen o a parecen sus restos gritan ni una m√°s
Tantita madre por favor",Excelsior
67,Brenda Rubio,Excelsior
68,Dan asco,Excelsior
69,Eneida Romero Ria√±o,Excelsior
70,‚Ä¶,Excelsior
71,Glory Dfuente,Excelsior
72,Glory Dfuente,Excelsior
73,IriPau Durant,Excelsior
74,Jaime Romero Courcelle,Excelsior
75,..,Excelsior
76,ü§£ü§£ü§£ü§£ü§£,Excelsior
77,Es malo q haya muerto pero el q con fuego juega termina mal todos alguna vez nos la jugamos igual por andar de fiesta simplemente a esta chica no le salieron las cosas bien y termin√≥ mal......,Excelsior
78,La fiscal√≠a una corrupci√≥n no puede ser se perdi√≥ 13 d√≠as la mataron y la tiraron a la cisterna.... son pendejos o que pinche gobierno obradorista unos corruptos y el gobernador m√°s un imb√©ciles,Excelsior
79,"Pobre mujer , ya d√©jenla descansar en paz , ahora su alma lidicar con tanta cosa que se dice ...",Excelsior
80,"La misma
Nota la mismas mentiras para ya mar la atenci√≥n",Excelsior
81,Ya Chole con esta noticia,Excelsior
82,"La chica era una ""fichita"", pero no merec√≠a morir as√≠ (busco y encontr√≥).",Excelsior
83,Si a alguien le importa esto comenten presente. Por que a mi me chupa un huevo. Yo quiero saber que pasa en ucrania.,Excelsior
84,Buena manera de desv√≠e la informaci√≥n,Excelsior
85,Ya dan hueva con eso,Excelsior
86,Podria seguir con vidaüôÇüôÇ,Excelsior
87,Dejen de hablar de mi novia,Excelsior
88,"Entre los medios de comunicaci√≥n que no tiene ninguna √©tica por publicar pruebas que comprometen la investigaci√≥n y una fiscal√≠a entrenada la universidad de ‚ÄúMi Alegr√≠a‚Äù Ahora comprendo porque en Mexico nunca se resuelven los cr√≠menes, jam√°s encuentran a los culpables y siempre terminan publicando una teor√≠a extraterrestre o de telenovela del canal de las estrellas‚Ä¶ Mexico tiene lo que se merece, un presidente dividiendo a la sociedad, medios de comunicaci√≥n m√°s comprometidos en ganar dinero que buscar la verdad y la sociedad muy preocupada por los partidos de ida o vuelta‚Ä¶ en 4 meses nadie hablar√° de esta chica‚Ä¶ por desgracia van a matar a otra y todo comenzar√° de nuevo.
Hip√≥critas",Excelsior
89,Les sigen dando alas a los alacranes ....ya acabaron con la gallina de los huevos de oro,Excelsior
90,Si la mitad del PRI est√° en Morena pues ya que se pase la otra mitad.... Todos son lo mismo ü§Æü§Æü§Æ,Excelsior
91,La derecha en mexico ya perdi√≥ todo y cuando digo todo es todo ya nunca ser√°n gobierno el.prian a.muerto si üíÄ üíÄ üíÄ.,Excelsior
92,Atr√©vete a confiar ..nunca trabajastes para morena ..siempre traicionastes.,Excelsior
93,No a la reforma electoral,Excelsior
94,"Estas pero bien idiota Monreal. Querer regresar a que las elecciones las controle el gobierno en turno
Lo priista del siglo pasado no se te quita",Excelsior
95,Claro el prian quiere una gobernatura eso es lo que quieren omoney,Excelsior
96,Se pasar√°n a morena,Excelsior
97,JAJAJAJA ERE UN FANTOCHE MONRREAL,Excelsior
98,Loco,Excelsior
99,No pasar√°..el INE no se toca,Excelsior
100,Est√°s pendejo,Excelsior
101,Nos va a traicionar este maldito otra vez como con la reforma el√©ctrica.,Excelsior
102,No pasar√°..el INE no se toca,Excelsior
103,"...y seguimos en crisis, basta con preguntar al ciudadano raso para saber la verdadera realidad, mas all√° de los n√∫meros estad√≠sticos.",Excelsior
104,"Juan Carlos Neo que te dije, wey. üòè",Excelsior
105,üò∑üò∑üò∑ ya est√°n preparando el terreno para justificar que Suecia y Finlandia se unan a la CHAFOTAN ...,Excelsior
106,Les va a cargar el payaso ü§°! Jajajajaja,Excelsior
107,Que confiable la publicacion,Excelsior
108,puro pedo pinches empindos al estilo yanki,Excelsior
109,Y como saben que es russo?,Excelsior
110,Hizo Barbacha de comelones‚Ä¶,Excelsior
111,Tarde o temprano.,Excelsior
112,"Deben ir a jugar golf y polo con los de su √©lite, c√≥mo se atreven a importunarlos con la jalada obradoriana?...
.",Excelsior
113,"O sea ya te hechaste los billetes a la bolsa y ya no te puedes hechar Patras ya te pago iberdrola,. Y los simpatizantes pri√≠stas que paguen la electricidad m√°s cara. Que poca eres un asco para los simpatizantes del PRI",Excelsior
114,"No s√© quien sea, pero creo que s√≠ tiene los recursos para pagar este tipo de protecci√≥n para sentirse segura, adelante!!!... la situaci√≥n de ese estado es alarmante",Excelsior
115,"Les da risa que quiera tener escoltas, no es como que busco a los medios y lo informo, ella estaba en un live con sus seguidores y lo platico, really la gente es tan rara que se enoja por todo, nadie les pidi√≥ ver su contenido,

Esta de la gaver todo lo que se vive en el pa√≠s y lejos de sentirte seguro te da miedo, creo que eso es lo que deber√≠a ser el foco de atenci√≥n",Excelsior
116,Hasta yo si tuviera esa posibilidad de pagar guaruras sin ser nada ü§∑üèª‚Äç‚ôÄÔ∏è bien por ella,Excelsior
117,"La neta nadie est√° seguro, es m√°s tan mala est√° que si llegas a matar cualquier criminal por defensa propia tu vas a las c√°rcel",Excelsior
118,"Bien hecho...!!
.",Excelsior
119,"Muy su dinero, si tiene la oportunidad de sentirse m√°s segura contratando seguridad, que lo haga",Excelsior
120,"Pues que bueno que t√∫ si puedes, y las que no puedan apatalear y a mordidas como puedan defenderse ,no andar en las calles solitarias solas y con la mayor seguridad del mundo nuestro se√±or Jesucristo y la Virgen Mar√≠a y con toda la fe del mundo.üôèüèªüôèüèª",Excelsior
121,"Se reiran mucho y todo pero yo tambi√©n si pudiera tendr√≠a escoltas, la situaci√≥n no est√° para estar tan tranquilos",Excelsior
122,Si va a andar bien peda y drogada con chicas que no conoce buscando fiestas de narcos de madrugada y a pie si los puede necesitar. Uno nunca sabe.,Excelsior
123,Pues si ..es mejor ..y que tampoco se conf√≠e ..no la vayan a traicionar como hicieron algunas ...y otros ya lami√©ndose los bigotes x ella ...üôèüôèüôèdios la proteja .,Excelsior
124,Su √∫nica forma de conseguir seguidores en twitch es mostrando su cuerpo,Excelsior
125,Nada m√°s no te empedes m√°s del la cuenta ni te metas a la cueva del lobo...,Excelsior
126,"Creo todos si tuvi√©ramos la posibilidad...l
o har√≠amos. Con mi hija en primer lugar. Nadie esta seguro. En esto estamos solos y nuestra resortera con piedras...üòë",Excelsior
127,"No le veo lo malo, si tiene miedo y a la vez tiene los recursos para pagarlo, adelante, si con eso se siente segura",Excelsior
128,Axel Fuentes,Excelsior
129,"Pregunta seria, ¬øPor qu√© les da risa?",Excelsior
130,"Que bueno, si tiene para pagar su propia seguridad, excelente decisi√≥n.",Excelsior
131,Qui√©n es????ü§îü§îü§î,Excelsior
132,"Si puede, que lo haga üíö",Excelsior
133,Pues √©lla que tiene dinero pero las dem√°s,Excelsior
134,Que bueno. Yo tambi√©n los tendr√≠a,Excelsior
135,Y ella quien es?‚Ä¶ üò≥ Perdonen mi ignorancia,Excelsior
136,Quien?,Excelsior
137,Pobres chicas ‚Ä¶ que loco maniaco ser√° el que est√° haciendo todo esto ??,Excelsior
138,Que se vaya a otro pa√≠s,Excelsior
139,Y eso en qu√© afecta‚Ä¶. A la guerra de las galaxias?,Excelsior
140,Su dinero lo puede usar como quiera ü§∑‚Äç‚ôÇÔ∏è,Excelsior
141,gloria adios,Excelsior
142,Quien es esa jaja Si que se cuide es el objeto del deseo,Excelsior
143,En la calle as√≠ mientras un sniper la va ver,Excelsior
144,Qui√©n?,Excelsior
145,Pura publicidad gratis para la ni√±a... para que siga ganando miles en sus publicaciones,Excelsior
146,Pero de que le sirve el perro que trae,Excelsior
147,Y quien es esa tlacuacha???? ü§îü§îü§î,Excelsior
148,Ten√≠a un chingo de pendiente,Excelsior
149,¬øQui√©n?,Excelsior
150,Apenas se dio cuenta¬°¬°¬°,Excelsior
151,Mientras sea por su cuenta,Excelsior
152,Vete a Rusia,Excelsior
153,Bueno mientras los pague es su tranquilidad,Excelsior
154,No bueno üíÅ,Excelsior
155,Que no venga,Excelsior
156,Buena decisi√≥n.,Excelsior
157,¬™,Excelsior
158,Quien dice que es???????solo en su casa la conocen üòé,Excelsior
159,y esta quien es?,Excelsior
160,Y est√° mejor,Excelsior
161,Quien ??,Excelsior
162,Y esa kien es???,Excelsior
163,Kien es ella?,Excelsior
164,Cosas que a nadie le importa,Excelsior
165,Geors Marin,Excelsior
166,Carlos Betancourt,Excelsior
167,üôÑü´£,Excelsior
168,Y esa quien es?,Excelsior
169,que noticion,Excelsior
170,√ìrale si le sali√≥ por ense√±ar las shshis,Excelsior
171,Todo siempre se tiene ke tratar de ella mija encerio cais mal,Excelsior
172,Sepa dios qui√©n es y ya se mareo,Excelsior
173,"Top fan
Yon Garc√≠a",Excelsior
174,"Hern√°ndez Ely yo le√≠ que como para el personaje tuvo que adelgazar y hacer mucho ejercicio üí™ Anna Faris no soportaba que otras mujeres lo voltearan a ver üëÄ y de ah√≠ empezaron todos los dem√°s problemas, pero quien sabe si sea real ü§∑‚Äç‚ôÄÔ∏è",Excelsior
175,"Hay que aprender a separar lo labora de lo personal, si hace bien su trabajo que es lo que nos interesa, mientras los medios no alardeen de m√°s su vida personal, para que dejarlo sin chamba, ah√≠ est√° de ejemplo Jack Sparrow vs Mera.",Excelsior
176,La gente tiene derecho a tener su opini√≥n sin ser atacados.,Excelsior
177,Lo debieron cancelar desde que dej√≥ a Anna solo porque dej√≥ de ser gordo y se puso sabroso. Desde ah√≠ vimos lo qler0 que es.,Excelsior
178,Yo sent√≠ feito cuando se divorci√≥ de Anna Faris cuando a √©l le empez√≥ a ir mejor,Excelsior
179,No me imagino a otro actor en lugar de √©l üôÅ,Excelsior
180,"Chris Pratt es de derecha, cristiano, esta a favor de la vida y no del aborto. Y siempre lo ha dicho abiertamente. Y eso le molesta a los progre. Mis respetos para Pratt en aguantar a tanta gente insoportable.",Excelsior
181,Respuesta= Porque son unos intolerantes que promueven la tolerancia.,Excelsior
182,Y.... El Bulto Herrera y Lainez,Excelsior
183,Siembren una mata de pl√°tano.,Excelsior
184,"La pregunta deber√≠a ser , porque la dejaron morir?",Excelsior
185,"Eso es lo que pasa cuando una administraci√≥n de basa en programas sociales sin pies ni cabeza, si se enfocaran a crear empleos y mejorar salarios en ves de fomentar la huevo nada. Becas a quien de verdad lo merezca",Excelsior
186,"Y que tiene, todos los pol√≠ticos fingen seguera, sordera y hasta acnesia, despu√©s de ser electos.",Excelsior
187,Viva M√©xico as√≠ son muchos que gobierno mantenga que ellos se hagan cargo de mis hijos y este gobierno que le encanta ayudar a huevones el chiste se cuenta solo,Excelsior
188,"Pero no necesita fingir, con el hecho de siquiera ir a calentar sillas ya les dan becas ü§£",Excelsior
189,"No pues, quede as√≠",Excelsior
190,"Que mal ya no sabes que publicar para llamar la atenci√≥n excelsior.com.m
x, no sabes distinguir noticias verdaderas de videos falsos de broma, por eso est√°n como est√°n.
Hay varios videos de broma id√©nticos, inf√≥rmate mas",Excelsior
191,"Esos son v√≠deos de tik tok,no sean ingenuos",Excelsior
192,"Verdad o mentira... Dejo mi comentario.
Y supongo que se siente orgulloso ü§¨ü§°
Por eso los hijos se planifican!

Y si, ya se que muchos se van a ofender, por que es la verdad y se van a justificar con mil excusas.",Excelsior
193,"No ser√° el √∫nico, cuanta gente as√≠...",Excelsior
194,"A mi hija le dieron beca desde el bachilleres y yo no tuve que fingir ninguna discapacidad, solo por su promedio se la gan√≥.",Excelsior
195,No ah√≠ que ser crueles lo necesitan para la educaci√≥n de su nena quiz√° no era el modo pero ah√≠ much√≠sima gente que obtuvo o tiene los apoyos del gobierno y ni lo necesitan la mayor√≠a es gente due√±os de casas con negocios y cosas similares y ah√≠ personas que realmente lo necesitan y no los tomaron en cuenta . Y no es verdad es un video de tik.tok que hicieron esta familia pero aun as√≠ se ve que si lo necesitan,Excelsior
196,Solo fue un v√≠deo de tik tok pero como el exc√©lsior no tiene nada mejor que publicar pues le hace a la gran noticia ü§Æü§¶,Excelsior
197,Jajaja de verdad se est√°n tomando en serio algo que sale de Tik Tok? üòÇüòÇüòÇüòÇüòÇüòÇüòÇ Y no estan solicitando nada de verdad solo es un v√≠deo üòÇüòÇüòÇ,Excelsior
198,Me suena a que es fake y que realmente no piden ninguna beca... Solo se ve que es un video de broma ü§¶üèª‚Äç‚ôÇÔ∏è,Excelsior
199,Pasen el link por qu√© me met√≠ al YouTube y ah√≠ un buen de videos al respecto jaja como que est√° nota no me cuadra,Excelsior
200,No tiene nada de divertido. Es una burla de la familia.,Excelsior
201,Jajajajaja fue mame pero todo lo quieren resaltar p3nd3jos,Excelsior
202,"Jajaja, ese video es de TikTok y fue actuado.",Excelsior
203,Anda de moda en tik Tok Aser videos as√≠ ya modernisense üòÇ,Excelsior
204,Es v√≠deo de TIK TOküòÇ,Excelsior
205,Todos ü§°ü§°ü§° les falta ver m√°s tik tok üòÇüòÇ esos videos se hicieron para hacerle la broma a quien ten√≠an a lado ya sea pap√° o hijos üòÇüòÇüòÇ,Excelsior
206,"Si antemano sabe c√≥mo sacar los hijos adelante,sabes que los pap√°s hacen cualquier cosa por los hijo saludos a todos",Excelsior
207,En todo estan no sean envidiosas,Excelsior
208,Evelia OrTega,Excelsior
209,"Es broma para tik tok, hay muchas",Excelsior
210,A raza,Excelsior
211,Se me ase mentira esta publicaci√≥n por que no tienene nada qu√© ver los pap√°s para que le den su beca ya no saven que inventar,Excelsior
212,Mmmmmm cero comentarios para que darles publicidad .,Excelsior
213,Conozco personas con discapacidad q son mas capaces q las q no tienen ninguna discapacidad üòµ,Excelsior
214,Jajajajajaja mira Sarahi Cabrera,Excelsior
215,"Pues si se la creen¬°¬°¬° ...nada mas hay que verle la cara..jajaja
Y no solo el, las otras dos tambi√©n se ve que tienen problema con sus facultades mentales..",Excelsior
216,"Que buen ejemplo para la chavita
As√≠ son estos seguidores de MORENA ..",Excelsior
217,Se le fue la vista ü§£ü§£,Excelsior
218,"Una triste realidad del mexicano ignorante que piensan que con lo que hacen nunca pasa nada.
Por eso desde arriba en el poder y hasta abajo en la pobreza la gente que es mala siempre ser√° mala.",Excelsior
219,"NADA DE IMPUNIDAD Y DE LETRA MUERTA AQU√ç HAY RESPONSABLES Y ANDAN C√ìMO SI NADA UBIESE PASADO...HAY VICTIMAS MORTALES Y LESIONADOS...Y NADIE PERO NADIE A SIDO DECLARADO RESPONDABLE DE ESTO...NO HAY JUSTICIA NO PUEDE ESTAR TRANQUILO NADIE...""QU√â POCA MADRE""... LITERAL...QU√â COSAS NO!!!",Excelsior
220,Ahora resulta,Excelsior
221,"Eso si una de las responsables ( Shitbaum ) anda inaugurando escuela de soldadores en la CDMX como si con eso si con esto tapara sus responsabilidad
es en el accidente de la l12 junto con Chelo .",Excelsior
222,"Desde que se planteo el proyecto, todo salio mal. ahora imaginen lo que est√°n haciendo.",Excelsior
223,Si la auditor√≠a es la m√°s corrupta jajjaajaa,Excelsior
224,"Parece que el PRIAN regresa al tema que le hizo un rasp√≥n a Morena, quieren cambiar el tema de su traici√≥n al pueblo de M√©xico üòÇ",Excelsior
225,"Se√±orita ya los perdono el Emperador M√°ximo Meridio
Los toc√≥ con su cetro y todo
Arreglado,as√≠ tambi√©n deber√≠a
Hacerlo con la Directora del
Colegio Rebsamen,",Excelsior
226,"Que investiguen la barda de Calder√≥n, la estela de pus , que m√°s quieren",Excelsior
227,"Que preocupada se ve, pura raja pol√≠tica",Excelsior
228,Ya que lo echen andar pinches ratas que ganan con investigar pinches adefecios,Excelsior
229,Y cuando in,Excelsior
230,Otra vez?,Excelsior
231,"Eso fue un accidente lo de la linea doce debe de investigar como Calderon hizo de Mexico q el narco creciera eje, Garcia Luna, y como le hizo para q se desatara la delincuencia q ha te√±ido de sangre a nuestra patria desaparciones feminicidios y como involucraron a los jovenes mujeres y hombres en halcones consumidores de drogas vendedores de lomismo y plazas de eso q hable e investigue",Excelsior
232,"Miren que pendejos son la autoridad. No ni un solo culpable de
Este echo",Excelsior
233,La 4t congraciarse con lo que critic√≥ en el pasado,Excelsior
234,C√≥mo no,Excelsior
235,Aquella fundaci√≥n que atacaban y criticaban?,Excelsior
236,"Dejen vivir a ese hombre que por un error, muy criticable, pero que no fue lo peor sino que por una mujer que no val√≠a la pena, mas mala que una ara√±a, ahora destruy√≥ se trayectoria. Que haga lo que sea necesario para reconstruirse. Mejor palabras que construyan no?",Excelsior
237,Creo que cada quien enfrenta su situaci√≥n emocional de la forma que quiera.,Excelsior
238,La sociedad siempre lista para juzgar y criticar a los dem√°s. Cada quien hace con su vida lo que mejor le parezca.,Excelsior
239,"Chale, los que critican son los que el √∫nico viajes espiritual que se puede dar es ir al tianguis a pensar cosas.",Excelsior
240,"La gente siempre ser√° as√≠, todo les molesta del semejante, siempre criticando, pero nunca ven su interior y est√°n tan podridos por dentro, por eso ignoremosles",Excelsior
241,"Que la gente diga misa, la mayor√≠a son unos mbciles y no lo reconocen, √©l tan siquiera est√° buscando las maneras de trabajarlo",Excelsior
242,Se tomo muy en serio su papel del genio üßû‚Äç‚ôÇÔ∏ède la l√°mpara ü™î,Excelsior
243,"Que bueno, si le har√° mucha falta!!",Excelsior
244,"Para toda la verg√ºenza vivida, yo tambi√©n lo har√≠a...",Excelsior
245,"La mejor meditaci√≥n es la B√≠blica. Oremos. Dios tenga misericordia. Busquen de Jesucristo, √©l es Amor Juan 3:16.",Excelsior
246,Que cada quien viva su vida y dejen en paz a los dem√°s üôÑ,Excelsior
247,¬øDe verdad alguien le interesa o importa?,Excelsior
248,"No todos pueden ir a India a meditar. Yo por ejemplo cuando necesito meditar me voy a la cantina. Despues de 14, 16 o 20 chelas, se me olvidan todos los problemas. No necesito ir a India.",Excelsior
249,"Gran hombre, dios te bendiga hoy siempre Will Smith",Excelsior
250,"Ya quisiera irme a la india a meditar...
Pero en fin para eso tengo el ba√±o ...",Excelsior
251,Mejor un divorcio y vera como se vuelve mas feliz,Excelsior
252,Dios lo bendiga,Excelsior
253,El puede hacer lo q quiera un impulso lo puede tener cualquiera preocupence mejor x lo q esta pasando nacionalmente eso si preocupa a todos cuidarnos,Excelsior
254,"Muertos de hambre, evidiosos.",Excelsior
255,Lo critican gente perfecta.,Excelsior
256,"Que les importa,üò°",Excelsior
257,Alv que es agresivo malo que trata de sanar as√≠ malo tambi√©n nada les embona,Excelsior
258,"Ya quiero ver a los cr√≠ticones llendoce a la India, ni a chapultepec van pero qu tal burl√°ndose.. ü§£ü§∑‚Äç‚ôÇÔ∏è",Excelsior
259,"Todo les parece mal, vivan y dejen vivir",Excelsior
260,"Y hach√≠s, mucho hach√≠s",Excelsior
261,Que bueno. Ya d√©jenlo en paz,Excelsior
262,Rufina Pech,Excelsior
263,"Y tan cerca que tiene al verdadero Dios que vencio a la muerte... Nada mas es llamar la atenci√≥n, viva Cristo Rey.",Excelsior
264,Megg Peralta,Excelsior
265,Xochitl Orozco,Excelsior
266,Que les importa.,Excelsior
267,"como la pel√≠cula comer ,rezar y amar",Excelsior
268,Que Dios lo cuide,Excelsior
269,BoBy Keane Te mudas ahora mismo con tus tios de Bombay üéµüéµüéµ,Excelsior
270,"Eat, Pray, Love. Ir a un Shanga a replantearse su vida? EXCELENTE!",Excelsior
271,"No hay mejora, con esa mujer en casa Will.",Excelsior
272,Un hombre as√≠ merece una gran mujer no una est√∫pida como la q ten√≠a,Excelsior
273,"Por pendejo , es primero yo y despu√©s yo o no ? As√≠ es esta vida",Excelsior
274,"Tambi√©n fue a terapia ü§£
https://
vm.tiktok.com/
ZMLGxP2o1/",Excelsior
275,Para que se hacen seguro quieren esas tierras para sembrar marihuana ..,Excelsior
276,"Esos aguacateros son unos loquillos, queman para poder aprovechar las tierras y plantar m√°s aguacate üòè",Excelsior
277,Pan y circo jaja ese es el congreso que el presidente quiere a la m√°s pura escuela pri√≠sta d√°ndole la raz√≥n en todo y ovasionandole todas sus ocurrencias...,Excelsior
278,C√≥mo siempre el presidente elige a puro delincuentes y asesinos todos son iguales,Excelsior
279,El pen dejazo que agarro el avi√≥n de la fuerza √°rea para promocionar la mamarachada de la votaci√≥n por la revocaci√≥n de mandato sin respetar la veda electoral.,Excelsior
280,Todas las focas en el circo del payaso kakin ajajajaj,Excelsior
281,Ay ya si√©ntese no sea pendejo,Excelsior
282,Alfredo Hernandez,Excelsior
283,Al viejo estilo,Excelsior
284,Se llama ''tapadismo'',Excelsior
285,Puro teatro distractor Fuchi,Excelsior
286,"Muy bien amlo, as√≠ sigale haciendo campa√±a, adelantando su susesor, que la Sheinbaum, otro d√≠a que Adan Augusto, despu√©s Ebrard.. Y as√≠ se la ha llevado la mayor parte de su mandato, mientras que las prioridades de los Maxicanos que es la Salud, la Seguridad, la Educaci√≥n y la Econom√≠a las ha mantenido sumergidas en el fracaso. Y es por eso que la mayor√≠a de Mexicanos le dimos ya la espalda.",Excelsior
287,"Rid√≠culos.
Pobre AMLO, vive enga√±ado creyendo enga√±ar; rodeado de farsantes, hip√≥critas como √©l. Ya lo veremos el d√≠a que entregue el gobierno en las manos de otro, y todos estos hip√≥critas le dar√°n una patada en el trasero, lo dejar√°n solo y se convertir√°n el los hip√≥critas de otro en el poder.",Excelsior
288,"M√°s bien, Rusia entreg√≥ a Ucrania soldados capturados por el ej√©rcito ruso.",Excelsior
289,Circo para el pueblo que los ve en internet,Excelsior
290,"Rusia sigue con la operaci√≥n especial en Ucrania, para restablecer la paz en el mundo, su lucha es contra 30 pa√≠ses de la OTAN, viva Rusia al final se ver√° la victoria.",Excelsior
291,Muchas felicidades mi idolo,Excelsior
292,Me imagino que Asistir√° Loret de mola y Brozo,Excelsior
293,Que est√°is de broma prensa libre,Excelsior
294,Legends of tomorrow estaba interesante... no as√≠ batwoman...,Excelsior
295,"Est√° como Lainez, no jugaron y ellos bien felices",Excelsior
296,POR favor,Excelsior
297,"bueno, el considero que aqui cabria el dicho 'mas jala un par de etas, que una yunta'",Excelsior
298,Se confundi√≥ con M√≠a kalifas,Excelsior
299,"Y como siempre no har√°n caso o incluso los provocar√°n ,, despu√©s dir√°n que que malos ‚Ä¶.",Excelsior
300,"Para empezar el presidente de Ucrania aparte de pendejo, esta mal por hacer negociaciones con Estados Unidos, usa solo quiere endeudarlos para su econom√≠a a futuro, la culpa es m√°s de la sociedad por elegir a sus presidentes, a quien se le ocurre elegir de presidente a un comediante, se que no toda la gente vota por los mismos, pero me doy cuenta que cada vez en el mundo existe gente demasiado imbecil, con mas raz√≥n prefiero que pase una guerra nuclear y nos lleve a todos de una, humanidad mediocre de myerda, est√°n como en mexico, tenemos a un presidente igual de estupido, y la gente que vota por el, es gente creyente a Dios viviendo d√≠a al d√≠a en trabajos miserables, pensando que un dios va a salvarles sus vidas",Excelsior
301,¬øCu√°l acuerdo? ¬øEl de seguir atacando Ucrania?,Excelsior
302,"Y que‚Ä¶ acordaron invadir Ucrania???
Son capaces‚Ä¶",Excelsior
303,Para m√≠ no se para ustedes las guerras siempre son terribles pero en este caso los rusos est√°n un poco asustados ya a ellos nadie los est√° apoyando y Usa y Europa est√°n m√°s unidos que nunca y es verdad que Rucia tiene muchas armas nucleares pero no le aguanta a Usa y Europa y entr√© todos le deben dar un solo golpe a Rucia amodo que no tenga oportunidad de levantarse para que respete a sus vecinos,Excelsior
304,Rusia la Ecuanimidad pol√≠tica vs USA el capitalismo paranoico.,Excelsior
305,Caray quien se volvi√≥ loco es Putin se enza√±a con Ucrania vean como quedo otra dictador que no escucha,Excelsior
306,"Pues desde cu√°ndo no hubieran iniciado el ataque, es l√≥gico que una guerra nuclear no tiene ganador ya que todos ser√≠amos perjudicados. Se llama intimidaci√≥n lo de Rusia.",Excelsior
307,"Primer acto: ponen en m√°xima alerta su sistema de ataque nuclear.
Segundo acto: se dicen y declaran listos para una respuesta ""r√°pida y feroz"" (enti√©ndase uso de fuerza nuclear) hacia qui√©n se interponga en su INVASI√ìN al pa√≠s vecino (mil veces inferior en fuerza militar)
3er acto: dicen que se debe abogar por no ultixar armas nucleares y mantener al m√≠nimo esa posibilidad... Como se llam√≥ ese circo? üòÇüòÇüòÇ",Excelsior
308,El que avent√≥ la piedra hoy habla de paz.,Excelsior
309,"El problema no es Rusia, el problema es rasPutin. Los problemas presentes y futuros de Europa tienen nombre y apellido...",Excelsior
310,Eso es cobard√≠a,Excelsior
311,Pero rusias no respeto ese acuerdo porque si no no estuviera haciendo invasion a ucranias,Excelsior
312,No creo que eso convenga a Rusia no saldr√≠a bien librado en caso de una Hipot√©tica guerra nuclear!!!!,Excelsior
313,Que cinismo el de ese HJDP.,Excelsior
314,"Putin es como Obrador (mas bien a la inversa)..... Anuncia que no invadir√≠a Ucrania pero resulta que siempre si la invadi√≥.... y al momento de hacerla advierte que de intervenir los demas pa√≠ses, utilizar√≠a su arsenal nuclear... luego se dice v√≠ctima del mundo y ahora cambia su versi√≥n diciendo que no invadi√≥ Ucrania, mas bien esta liberando a sus ciudadanos de la opresi√≥n de nazis (calificativos parecidos a los que dice un tlatoani) y, cuando le ponen sanciones. argumenta que todo es un complot contra el. Luego las potencias le advierten que tambi√©n tienen arsenal nuclear y ahora se santifica ante el muindo con los argumentos que expone en sus declaraciones, pero no dejar√° de atacar a Ucrania pues siente que es su derecho sagrado liberar a todos de aquellos que est√°n en contra suya. Este es un verdadero l√≠der socialista... un dictador cobarde y asesino... cualquier parecido con cierto Tlatoani es mera coincidencia...
.",Excelsior
315,"No quiero ni pensar si el autor fuera contundente, si queriendo solo la simple atenci√≥n ciudadana sus lectores m√°s fervientes no dejan de llorar ü§£ü§£

Los m√°s Fervientes seguidores no son los Morenos, son los ""opositores"" esos est√°n m√°s pendientes del Ya saben qui√©n, Ya saben qui√©n vive en lo m√°s profundo de sus ediondas entra√±as y en cada una de sus retorcidas Neuronas ü§£ü§£ü§£ü§£ü§£",Excelsior
316,"Describe sin mayor problema el car√°cter de AMLO, experto en simulaciones y cortinas de humo",Excelsior
317,En M√©xico habr√° que esperar hasta el 2024,Excelsior
318,"Si, se va a ver asi",Excelsior
319,"La serie de Batwoman nunca comenzo bien... Sus enemigos no enganchaban ni la trama... Peleaba con su hermana... Era lesbiana de dia y despues cambio la protagonista...
DIRECTO AL OLVIDO... lo unico bueno fue cuando Batwoman fue a reunirse con supergirl y los demas superheroes solo hasta... Para el olvido",Excelsior
320,Al fin ya en todo gente se color .. cuando en la historia nada que ver excepto el hijo de Lucius,Excelsior
321,Lamentable que Legends fo tomorrow no siga mas... respecto a Batwoman pues....,Excelsior
322,"Qu√© bueno, era una mugre",Excelsior
323,K curado se mira el morenito con el traje üòÇ,Excelsior
324,Y se tardaron en hacerlo,Excelsior
325,Era en blanco y negro que chiste,Excelsior
326,El batman del progreesverso VV,Excelsior
327,Exist√≠a eso ?,Excelsior
328,Por?üòå,Excelsior
329,"¬øDe verdad esperaban que las series hechas con la ideolog√≠a de lo pol√≠ticamente correcto funcionar√°? ü§£üòÇ

Los progre piden a gritos que se hagan est√°s cosas, pero nunca las apoyan. ü§£üòÇ",Excelsior
330,"Cuentos de Los Rimadores: LA EMOCION DEL DIA DEL NI√ëO

IAN DICE:
Ya mero llega el d√≠a del ni√±o
Estoy muy emocionado
Les escuche a mis pap√°s
Que una Nintendo me han comprado
Ya quiero que llegue ese gran d√≠a
Con mi consola jugar , ¬°Ah mi nombre es Ian!

ZACARIAS DICE:
Ya mero llega el d√≠a del ni√±o
Estoy muy emocionado
Les escuche a mis pap√°s
Que unos carritos me han comprado
Ya quiero que llegue ese gran d√≠a
Con mis carritos jugar , ¬°Ah mi nombre es Zacar√≠as!

ISAIAS DICE:
Ya mero llega el d√≠a del ni√±o
Es un d√≠a normal, NO estoy emocionado
Le escuche a mi mam√°
Que nada me ha comprado
Al sem√°foro tengo que ir a chambear en ‚Äúese gran d√≠a‚Äù
dinero tengo que buscar, ah mi nombre es Isa√≠as

Rimador Piensa:
Deseando que todos los ‚ÄúISAIAS‚Äù que en nuestro M√©xico existe
Puedan tener una vida diferente, y que no est√©n tristes‚Ä¶
Video juegos y juguetes no recibir√°n
¬øQu√© estar√° haciendo el gobierno , para que estos ni√±os en vez de ir a trabajar puedan jugar y estudiar?

Feliz d√≠a del ni√±o, lo digo con cari√±o
Hoy con mis hijos lo celebrare, iremos por pizza, ¬°eso comprar√©¬°
Y les dar√© unos obsequios, y con mi tarjeta me endeudar√©‚Ä¶

Rimador,¬ø este cuento ya termin√≥? H√≠jole a√∫n no.. tanta estad√≠stica tiene el gobierno , el INEGI recolecta y recolecta datos y cu√°les son las acciones? Presentan datos, hacen relatos , y no hay acciones solo alegatos.
Oye no te vayas a ir, s√≠ mi P√ÅGINA pudieras SEGUIR, AQU√ç ESTA EL LINK
https://
www.facebook.com
/losrimadores
Y si no te gust√≥ mi cuento, gracias por leer atento.

En M√©xico hay 3.2 millones de ni√±os y ni√±as entre 5 y 17 a√±os que trabajan, es decir, representan el 11.4% de la ni√±ez, siendo el segundo pa√≠s de Am√©rica Latina y el Caribe con mayor prevalencia de trabajo infantil, informa la Comisi√≥n Econ√≥mica para la Am√©rica Latina y el Caribe (CEPAL).Tomado de www.cmt-global.
org",Excelsior
331,"¬°HALA..MADRID..
!",Excelsior
332,Y.... El Ame ... Ya mero,Excelsior
333,"Ya estas SENIL!!!
(S√≠mbolo del chayote)",Excelsior
334,"As√≠ es......y lamentablemente
eso es general en este mundo que vivimos...ayer hubo otra aqu√≠ en Puerto Rico de las muchas que se suceden de unos 35 a√±os......por celos la mat√≥....esto es inaceptable que haya tanto feminicidio",Excelsior
335,Uff...qu√© drama desde el odio y mentira con ignorancia; todo por avidez personal. Espero la caja grande de Kleenex de KK (Kimberly Klark) les alcance.,Excelsior
336,A las masas populares dales pan y circo y los tendras comiendo de tu mano,Excelsior
337,La peor se√±ora del Mundo junto al peor presidente del.mundo.,Excelsior
338,"Leen sobre lo que no conocen, ellos no tuvieron la peor se√±ora del mundo",Excelsior
339,Doc Renx√∂ Cartoon,Excelsior
340,Le hubieran contado el cuento a amlo de que el pa√≠s est√° pr√≥spero que no hay violencia que hay mucha medicina para NI√ëOS y NI√ëAS ese ser√≠a un buen CUENTO,Excelsior
341,Jorge Luis Bernal,Excelsior
342,"Me imagino, c√≥mo ley√≥ susodicho cuento.",Excelsior
343,"Par de corruptos, ni√±os sin estancias, sin escuelas de tiempo completo, sin medicamentos, m√°s lo que se acumule en este sexenio. Y quieren quedar bien leyendo un cuento.",Excelsior
344,Aprovechando pa figurar. Parecen la mera verdad!!!,Excelsior
345,Mensaje subliminal para YSQ,Excelsior
346,Les hubieran contado uno de ficci√≥n ya hay abasto de medicamentos,Excelsior
347,"A la velocidad que lee amlo, va a terminar el libro cuando acabe su sexenio.",Excelsior
348,Que rid√≠culos tan anticuada,Excelsior
349,Con esta pareja puros cuentos de terror y perversos.,Excelsior
350,"Ahora HISTORIADORA???
? Jajaja! Antes que era INVESTIGADORA!!
! Seguramente le pas√≥ el dato a AMLO de que hace 10,000 a√±os hab√≠a Universidades en M√©xico. ¬°Jajaja!!",Excelsior
351,"Leer un cuento en s√°bado,no es la gran calabaza, lo hace todos los d√≠as por las ma√±anas",Excelsior
352,"Hasta rid√≠culos se ven, chendejos!! üòÇüòÇüòÇüòÇ",Excelsior
353,Los mexicanos no queremos m√°s cuentos!!!,Excelsior
354,Con raz√≥n el choc√≥ flan esta tonto,Excelsior
355,Por lo menos ya cambiaron de cuento.,Excelsior
356,"Ay ternuritas, farsantes.",Excelsior
357,Les falto ‚ÄúEl Sr de las moscas‚Äù o ‚ÄúRebelion en la granja‚Äù,Excelsior
358,Desde que esta en la presidencia es lo √∫nico que a contado..puros cuentos....!!,Excelsior
359,Pura cr√≠tica !!! Sirve de algo ? Bola de incultos,Excelsior
360,Que lindo!!! M√°s cuentos para los mexicanos. ü§ó,Excelsior
361,Sabr√°n leer un cuento ?,Excelsior
362,"Obvio, puro cuento al pueblo",Excelsior
363,Pens√© que el titulo se trataba de ella,Excelsior
364,Excelente cuentoüëåüèª,Excelsior
365,Martha Hernandez,Excelsior
366,Ahhhhh caray entonces es Alusi√≥n personal,Excelsior
367,Ese libro es por la zopilota ?,Excelsior
368,"Y un d√≠a se leer√° ‚Ä¶
El peor presidente de Mexico.",Excelsior
369,Le qued√≥ al pelo.,Excelsior
370,"Derbez las hablan ,no te hagas",Excelsior
371,"Normal, puros cuentos",Excelsior
372,La autobiograf√≠a de los zopilotes de palacio nacional,Excelsior
373,Auto autor,Excelsior
374,A Poco sabe leer? ü§î,Excelsior
375,A poco saben leer?,Excelsior
376,Ah√≠ est√°n sus padres puro morena y amlo,Excelsior
377,Hablan las fotos.,Excelsior
378,Historiadora‚Ä¶ üòÄ,Excelsior
379,Sabe leer?,Excelsior
380,Si su vieja,Excelsior
381,Tal Par√° Cu√°l ü§≠ü§≠üòÇüòÇ,Excelsior
382,Te hablan Carolina Viggiano,Excelsior
383,Chsm,Excelsior
384,Historiadora??,Excelsior
385,Saben leer?,Excelsior
386,Ese cuento siempre me cay√≥ gordo jajaja,Excelsior
387,"Se√±or Pati√±o, se√±or Pati√±o, esos g√ºevotes no son de ni√±o
ü§£ü§£ü§£ü§£ü§£",Excelsior
388,Leonardo Lopez,Excelsior
389,Elisa Cruz,Excelsior
390,Patricia Junco,Excelsior
391,Asa Ar,Excelsior
392,Arturo Serrano,Excelsior
393,üòÇüëèüèº,Excelsior
394,"que bueno que fue la que se puso a leer, por se fuera AMLO, todav√≠a en este momento no acabar√≠a de leer y nadie le entender√≠a o la vil chismosa que no sabe leer.",Excelsior
395,"Que cuenten ""El cuento de la cuarta transformacion""",Excelsior
396,Pero si todo los d√≠as se echa un cuento. ü§∑,Excelsior
397,Farzantes solo Ineptitud y mucha corrupcion nada m√°s y nada bueno para M√©xico.,Excelsior
398,"Gracias, le jugaron a la inversa, a la malvada Sra. Gorda.",Excelsior
399,Y lo pudo leer? Porque es muy p√©ndejo,Excelsior
400,Es autobiograf√≠a?,Excelsior
401,Fuchi caca los dos,Excelsior
402,Esther Colero,Excelsior
403,Esther Colero,Excelsior
404,Alejandro Quintanilla Gonzalez,Excelsior
405,Alejandro Quintanilla Gonzalez,Excelsior
406,Alejandro Quintanilla Gonzalez,Excelsior
407,Alejandro Quintanilla Gonzalez,Excelsior
408,Alejandro Quintanilla Gonzalez,Excelsior
409,¬°Sinverg√ºenzas HDP!,Excelsior
410,Cada vez son mas las variantes que aparecen y esto no se va,Excelsior
411,"Extorsionadores
de la ciudad",Excelsior
412,"Buena forma de ayudar a que la econom√≠a omia se recupere, siempre el pueblo paga verdad",Excelsior
413,"Donde quiera andan clausurando negocios, dejen trabajar üò°",Excelsior
414,Te sale lo flamenco excelsiorü§£,Excelsior
415,"Que la Providencia y Misericordia de Dios obre en Ud., otorg√°ndole salud y alegr√≠a.
Dios lo bendiga y la Virgen lo proteja!",Excelsior
416,Bendiciones,Excelsior
417,Mucho √°nimo que para DIOS no ai nada imposible usted puede sanarpongase a cuentas con D√çOS,Excelsior
418,"Eres j√≥ven y seguramente saldr√°s adelante. S√≥lo ponte en manos de los m√©dicos y Dios siempre contigo, por eso pronto sanar√°s!!",Excelsior
419,Dios obrar√° un gran milagro en su vidaüôè,Excelsior
420,¬°Dios lo sane!,Excelsior
421,Bendicionesüôè,Excelsior
422,Dios lo puede todo,Excelsior
423,Am√©n üôèüôèüôèüôè,Excelsior
424,Bendiciones üôè‚ù§Ô∏è,Excelsior
425,Ni pedro,Excelsior
426,Que Dios lo ayude...,Excelsior
427,üôèüèº,Excelsior
428,"Pues mucho animo y fuerza al Senador...segur
amente saldra adelante...",Excelsior
429,""" Soy amigo del presidente ' cu√°nta modestia. Aqu√≠ no se trata de ser amigo del presidente. Se trata de ser amigo del pueblo mexicano y de comulgar, radicalmente, con los principios que enarbola nuestro gran presidente AMLO : NO MENTIR, NO ROBAR Y NO TRAICIONAR. CERO CORRUPCI√ìN Y CERO IMPUNIDAD CONTRA LOS DELINCUENTES, PRINCIPALMENTE LOS DE CUELLO BLANCO. ESO ES LP IMPORTANTE. LAS PERSONAS PASAN ( PASAMOS ), LOS PRINCIPIOS QUEDAN.
QUE GANE EL QUE EL PUEBLO DECIDA...",Excelsior
430,"Y los cr√≠menes de guerra del dictador ruso ya le ganaron un lugar en la historia, felicidades ahora ser√° recordado como un genocida, el genocida llamado Vladimir Putin.",Excelsior
431,üò∑üò∑üò∑ toda esa zona est√° irreconocible a lo mejor es un pante√≥n Ukraniano y se confunden con muertos de guerra ...,Excelsior
432,"Desde hace cuantos a√±os estar√°n ah√≠?
Son de poblaci√≥n rusa?",Excelsior
433,Destrozaron pero mi coraz√≥n al empezar antes y tocar WYWY justo cuando iba corriendo como loca para alcanzar a escucharla ‚Ä¶ buen concierto,Excelsior
434,Si no tocaron The Man...,Excelsior
435,Iris Gomez üò≠üò≠üò≠ no me llevaste,Excelsior
436,"Cuentos de Los Rimadores: LA EMOCION DEL DIA DEL NI√ëO

IAN DICE:
Ya mero llega el d√≠a del ni√±o
Estoy muy emocionado
Les escuche a mis pap√°s
Que una Nintendo me han comprado
Ya quiero que llegue ese gran d√≠a
Con mi consola jugar , ¬°Ah mi nombre es Ian!

ZACARIAS DICE:
Ya mero llega el d√≠a del ni√±o
Estoy muy emocionado
Les escuche a mis pap√°s
Que unos carritos me han comprado
Ya quiero que llegue ese gran d√≠a
Con mis carritos jugar , ¬°Ah mi nombre es Zacar√≠as!

ISAIAS DICE:
Ya mero llega el d√≠a del ni√±o
Es un d√≠a normal, NO estoy emocionado
Le escuche a mi mam√°
Que nada me ha comprado
Al sem√°foro tengo que ir a chambear en ‚Äúese gran d√≠a‚Äù
dinero tengo que buscar, ah mi nombre es Isa√≠as

Rimador Piensa:
Deseando que todos los ‚ÄúISAIAS‚Äù que en nuestro M√©xico existe
Puedan tener una vida diferente, y que no est√©n tristes‚Ä¶
Video juegos y juguetes no recibir√°n
¬øQu√© estar√° haciendo el gobierno , para que estos ni√±os en vez de ir a trabajar puedan jugar y estudiar?

Feliz d√≠a del ni√±o, lo digo con cari√±o
Hoy con mis hijos lo celebrare, iremos por pizza, ¬°eso comprar√©¬°
Y les dar√© unos obsequios, y con mi tarjeta me endeudar√©‚Ä¶

Rimador,¬ø este cuento ya termin√≥? H√≠jole a√∫n no.. tanta estad√≠stica tiene el gobierno , el INEGI recolecta y recolecta datos y cu√°les son las acciones? Presentan datos, hacen relatos , y no hay acciones solo alegatos.
Oye no te vayas a ir, s√≠ mi P√ÅGINA pudieras SEGUIR, AQU√ç ESTA EL LINK
https://
www.facebook.com
/losrimadores
Y si no te gust√≥ mi cuento, gracias por leer atento.

En M√©xico hay 3.2 millones de ni√±os y ni√±as entre 5 y 17 a√±os que trabajan, es decir, representan el 11.4% de la ni√±ez, siendo el segundo pa√≠s de Am√©rica Latina y el Caribe con mayor prevalencia de trabajo infantil, informa la Comisi√≥n Econ√≥mica para la Am√©rica Latina y el Caribe (CEPAL).Tomado de www.cmt-global.
org",Excelsior
437,No hay mucho que entender todo mundo se da cuenta de los dictadores que est√°n en el poder judicial en el INE y los diputados est√°n volviendo all√° dictadores lo que ordenan quieren seguir pisoteando al pueblo y eso se tiene que acabar dejar de enga√±ar al pueblo diciendo que somos unos fracasados cuando ellos nos est√°n pisoteando no nos dejan superar por eso nuestro se√±or Jesucristo dijo es m√°s f√°cil que pase un camello por el ojo de una aguja qu√© un rico entr√© al reino de los cielos al rico se le cobrar√° el salario de los pobres el triple necesidades su Cristo la justicia envi√°ndonos el juego eterno traidores ala patria,Excelsior
438,Es necesario un cambio en el sistema dizque democr√°tico actual porque los fraudes son evidentes ya que el ine es faccioso y nos sale muy caro. La recomendaci√≥n es que NO quede bloqueada como con la reforma el√©ctrica porque el costo pol√≠tico ser√° muy alto para la oposici√≥n.,Excelsior
439,Pq q modificar todo este sr? Eso da q pensar me inclin p ver nos esta v socialistas?,Excelsior
440,"Muy bien porque es una guerra en la que Ucrania esta en desventaja en cuanto armamento ya que Rusia es una super potencia que se podr√≠a poner al tu x tu con Alemania, Inglaterra, Usa, o cuakquier. Otro pa√≠s de los grupo G7 lo que deber√≠a es detener esa. Masacre ya que estan muriendo muchos inocentes por. Culpa de. La ambici√≥n de poder y territorio",Excelsior
441,"Eeuu y toda la OTAN deben de dejar de mandar armas a Ucrania, esto es promover la guerra.",Excelsior
442,EU y LA OTAN estan interesados pero en bombardear Rusia su t√≠tere Zeleski solo recibe ordenes de seguir atacando...,Excelsior
443,Que lo dejen invadir tranquilo dice üòÇüòÇüòÇ que que tiene de malo al fin y al cabo que en muchas partes del mundo haga lo que haga Rusia siempre ser√° culpa de USA üòÇ,Excelsior
444,Mejor que exija detener la guerra.,Excelsior
445,"Kjajajjajsjajj.
Son comediantes los famosos l√≠deres rusos.",Excelsior
446,Por q si no se va armar la nuclear dejen de apoyar a #zelenesky,Excelsior
447,Y las armas rusas enviadas a Bielorrusia?,Excelsior
448,"Estados unidos y la OTAN √≠nsitan a ala GUERRRA por que no ponen un alto al fuego por que en realidad no le interesan la paz por que UCRANIA obedece a los intereses politicos y econ√≥micos de el occidente, es por no que no le interesa la vida de los civiles de ucrania sin saber que el gobierno de VLAD√çMIR PUTIN esta desgastando a al mundo por completo y nos vamos todo a la pobresa nada mas por los intereses de los grandes politicos del UUEE T",Excelsior
449,Jajajja alguna otra exigencia sr canciller?,Excelsior
450,S√≥lo estan armando una carnicer√≠a,Excelsior
451,Go Rusia,Excelsior
452,El loco de zelenski pide armas como pedir manzanas o pl√°tanos y los otros locos q le hacen caso,Excelsior
453,"Segunda Llamada
Segunda ....",Excelsior
454,Y que quer√≠a que los combatieran con piedras,Excelsior
455,Podr√≠an mencionar un legado que haya dejado este se√±or para M√©xico? Saltar de un Partido a otro y hablar ret√≥rica no produce mucho para los Mexicanos,Excelsior
456,"Profiri√≥ Mu√±oz Ledo, ha sido un verdadero dinosaurio.",Excelsior
457,El tiempo pasa y la gente cambia... a veces para bien y a veces para mal...,Excelsior
458,As√≠ es,Excelsior
459,"Pu√©s si es fiscal, no reportera de espect√°culos. Ni modo que salga diario a conformar a los chismosos.",Excelsior
460,"Todo un cochinero , corruptos que encubren s narcopoliticis!
!! Y tienen que armar una s√∫per historia para que cuadre todo!",Excelsior
461,"Haber ahora con que salen.... Vana decir que se suicido, se tropez√≥ y call√≥, etc. Para taparle a los culpables
Que se sepa todo asta las √∫ltimas concecuencias y como dijo el Sr. Mario Escobar que caiga quien tenga que caer...",Excelsior
462,La fiscal√≠a unos in√∫tiles o m√°s bien unos vendidos ah√≠ se ve como el pa√≠s sigue y seguir√° teniendo solo un n√∫mero m√°s que termina en una carpeta. Yo no se por que al semefo no le permiten dar su punto de vista,Excelsior
463,"Tienen que armar bien suTeatro
Pues se puede descubrir que
Detr√°s de todo esto hay unas
""Amigas""enganch
adoras y una
Banda de trata que protege a
Alguien muy importante por eso
Mataron a la chica para que no
Se supiera la ""Verdad"",",Excelsior
464,Es lo que estamos esperando,Excelsior
465,Esta noticia le gusta a Samuel Garc√≠a,Excelsior
466,Se metieron con la chica equivocada y los culpables lo van a pagar...,Excelsior
467,Se estan enfrascando en un solo caso cuando ay muchos mas q no le dan seguimiento y todo esto lo hacen para mantener entretenida a la gente y no ver el sufrimiento de muchas familias en todo el pais,Excelsior
468,"Con todo el manoseo medi√°tico de la situaci√≥n, es comprensible",Excelsior
469,"Ya fastidian con esto y ya se esta enfriando la noticia, dentro de poco quedara en el olvido.",Excelsior
470,"Su gobernador corrupto ya orden√≥ la pel√≠cula, de lo que pas√≥",Excelsior
471,Que tanto quieren ocultar ü§îü§îü§î M√©xico lindo y vendido ü§¨ü§¨ü§¨,Excelsior
472,Ya dejenla descansar a la muchacha no saken raja de la le√±a,Excelsior
473,"Est√° perfecto, porque el padrastro ya quiere sacar ""tajada"" de todo",Excelsior
474,Mientras Ebrard nos entrega a la OMS....que siga el show,Excelsior
475,Ya dejen la descansar en paz pobre chuca,Excelsior
476,Est√° bien gue encarcelen a involucrados si hubo negligencia de la PJ de nuevo le√≥n tanto las amigas ...el taxista..los hoteleros el jaguar y otros y hasta su gobernador .... la chamaca tubo errores pero no son Dios para quitarle vida,Excelsior
477,Ya pasen a lo que sigue falta Yolanda ....,Excelsior
478,Filtraron todoooos los videos habidos y por haber aaah pero los resultados de la necropsia esos si muy confidenciales,Excelsior
479,Ya chole cambi√©nle de canal,Excelsior
480,Qu√© morbosa es la gente de est√° trajedia se han colgado tantos oportunistas.,Excelsior
481,Toxicologia es importante,Excelsior
482,No hay justicia no hay leyes parece que buscan hasta la √∫ltima evidencia si pero para borrarla desaparecer toda y decir cualquier cosa que los medios compren casos como Benito Paulette /Stanley y otros 100 tos quedan en el olvido haaaaa pero no fuera un hijo sobrino actor famoso xq ah√≠ si todo el peso de la ley cu√°nta raz√≥n tiene ALEX LORA cuando escribi√≥ vivir en M√©xico es lo peor ya nadie quiere salir ni decir la verdad bay,Excelsior
483,"Pues el padre ya dio los resultados, es su palabra y sin comprobar nada.
As√≠ como dice que ya sab√≠a desde las 5 ese d√≠a y no contest√≥ y mucho menos fue por ella.",Excelsior
484,"Ricardo Monreal es el pol√≠tico que MORENA debe seguir y no al Rey Anciano, el es un verdadero defensor del derecho",Excelsior
485,"El(ya se ve en la oposici√≥n ) Ricardo Monrreal, por eso los defiende",Excelsior
486,Monreal es prianista,Excelsior
487,Creo que Monreal jam√°s ha tenido autoridad moral,Excelsior
488,No la te dra el porque siempre ha sido ladr√≥n de cuando goberno su estado...,Excelsior
489,"Por fin dan mantenimiento a lo que nos dej√≥ el PRI, gobiernos neoliberales que nunca hicieron nada, ese que construy√≥ casi todas las l√≠neas y que ellos quitaron las placas para asumir algo que no hicieron, muy a su estilo, por lo menos y por fin dan mantenimiento.",Excelsior
490,Ser√°n 19 a√±os-CaldeRON? Esa escala de tiempo donde dec√≠a que iban a pasar 134 a√±os terrestres para concluir la vacunaci√≥n de toda la poblaci√≥n mexicana?,Excelsior
491,"Lo √∫nico que la actual administraci√≥n considera cambiar...
SON LOS NOMBRES A LAS ESTACIONES!!!!!
CON ESO AGUANTA OTROS 60 A√ëOS!!!!!",Excelsior
492,"As√≠ trabaja la 4T les dice a sus focas que llevara tiempo mucho tiempo arreglar las cosas mientras ellos se eternizan en el poder como si efectivamente como el PRI, a canijo si son el PRI con otro nombre.",Excelsior
493,"Modernizaci√≥n austera republicana, sin corrupci√≥n, 99% honesta 1% capaz, tipo linea 12???..... no, gracias",Excelsior
494,"El t√≠tulo est√° mal redactado a prop√≥sito, es clickbait. La obra no durar√° 19 a√±os, se tiene que entregar antes de 2024 con todo y trenes nuevos seg√∫n la licitaci√≥n. Hay que leer m√°s all√° del t√≠tulo.

Para evitar que la l√≠nea se vuelva a quedar 50 a√±os sin mantenimiento la licitaci√≥n incluy√≥ mantenimiento para la l√≠nea por 19 a√±os por parte de la empresa que ganara.",Excelsior
495,"Para cuando terminen, va requerir una nueva modernizaci√≥n!",Excelsior
496,Todo el mugrero que esta dejando los de Morena y antecesores!,Excelsior
497,que clase de ineptos contratan a una empresa CHINA osea?!!!!! que ondaaa se va a descomponer luego luego,Excelsior
498,"No, pues que bien. Ah√≠ que la disfruten los ni√±os de ahora! Pobres pen... ü§£ü§£ü§£ü§£ü§£ü§£ü§£ü§£ü§£ü§£",Excelsior
499,"Jajaja para cuando terminen la remodelaci√≥n en 19 a√±os, van a tener que volver a remodelar porque ya ser√°n muy viejos otra vez",Excelsior
500,"Y eso que Mancera aument√≥ el precio en el boleto del metro, entre otras cosas para comprar 45 nuevos trenes para esa l√≠nea!!!",Excelsior
501,Por eso es malo privatizar algo tan disponible para la ciudad gracias a nuestro presidente lo van remodelar solo de antes solo aumentaron el costo,Excelsior
502,Es m√°s de una vez que empiezen que cierren todo el metro,Excelsior
503,"ü§£ü§£ü§£ü§£ casi los mismos a√±os que llevan gobernando la ciudad, la pregunta es; y los a√±os que llevan gobernando esta ciudad donde qued√≥ ese presupuesto destinado para ese objetivo?",Excelsior
504,"Bueno, al menos esta vez si avisan, no como la obra del tren interurbano Toluca-Valle de Mexico, la obra m√°s maldita del las obras malditas, que se alarga y se alarga, con sobreprecio tras sobreprecio.",Excelsior
505,Solo trenes?? Y las estaciones cuando. La √∫nica decente y de primera es Isabel la Cat√≥lica y pens√© que era una renovaci√≥n total para el resto.,Excelsior
506,Son menos a√±os de lo que ellos llevan en el poder en la cdmx (prd y morena) y que han hecho desde 1997?,Excelsior
507,"Y decian que los del prian no hicieron nada los kroketeros pero bien que usan lo que el prian hicieron,bien venido el metro",Excelsior
508,"De verdad meter√°n trenes nuevos ya lo quiero ver ,pero que sean de calidad porfavor no queremos porquer√≠as como la linea 12",Excelsior
509,"Qui√©n chin.....os permiti√≥ la construcci√≥n del metro de la cd. de M√©xico y salt√≥ nuestras barbas.
En donde est√° el lago...???
Qui√©n dreno tanta agua...???
√âsto da√±a los 365 d√≠as del a√±o al medi√≥ ambiente. i Todo lo hacen al Derbez !",Excelsior
510,La corcholata Sheibaum va ser la presidenta ni as√≠ va a acabar,Excelsior
511,"Los trenes nuevos son los trenes que estaban en la l√≠nea 12, no son nuevos",Excelsior
512,Ahhhhh caray entonces 19 a√±os robando en despoblado $$$$ al pueblo sabio y POBRE,Excelsior
513,Y mientras cierran y nos friegan a todos .ya q mucha gente viene de chalco reyes la paz etc,Excelsior
514,Si se justifica mueve 8 millones de almas por dia,Excelsior
515,"Wtf, cuando la hayan terminado de modernizar ya no ser√° moderna jajajjaajajaja",Excelsior
516,"Cuando acaben, sera obsoleto con lo que iniciaron y el ciclo se repite",Excelsior
517,Ojal√° y que la modernizaci√≥n incluya mantenimiento antes que se derrumbe otra vez el metro,Excelsior
518,Ya tienen rato anunciado esto y nada m√°s yo no veo mejoras y la l√≠nea 12 ni hablamos.,Excelsior
519,Hujule xeso insisto es mucho mejor el mexibus y metro mucho m√°s c√≥modo facilidad para moverse todo,Excelsior
520,Por un momento cre√≠ que era d√≠a de los inocentes.,Excelsior
521,Porque todo les molesta si lo ASE si le dar√°n mantenimiento si lo ASE nuevo cual es sus problema no asen mas q quejarese cuidemos lo q no dan para q fuere mucho mas no solo piensen en ustedes ai nos movemos todos y d todas las edades ya callence y dejen trabajar pues o lo quieren a ser usted tienen alguna idea de como seria mas rapido,Excelsior
522,Dicen 19 o sea ser√° mas para cuando acaben ya no ser√° moderno... ser√° viejo y arcaico... de nuevo.,Excelsior
523,Excelente üëå,Excelsior
524,Pues cuando terminen ya necesitar√° otra remodelaci√≥n integral,Excelsior
525,"Para cuando terminen de modernizar, ya estar√° nuevamente obsoleta la l√≠nea. üòÇü§£",Excelsior
526,"Bah, este diario no tiene credibilidad.",Excelsior
527,De que sirve si la gente no respeta y no tiene cultura de que dejen cerrar las puertas.,Excelsior
528,Hasta es burla,Excelsior
529,Lun√£ B√´lla,Excelsior
530,Azu Ch,Excelsior
531,"Deber√≠an de empezar por limpiar los Vagones y Sanitizarlos,",Excelsior
532,19 a√±os,Excelsior
533,"No creo que dure los 19 a√±os, yo creo dura 7 a√±os y se cae con un tren dentro mucha gente!!!!!",Excelsior
534,Conviene construir una nueva l√≠nea,Excelsior
535,Me voy a morir y no lo voy a ver √≠ntegro...,Excelsior
536,Para dentro de 19 a√±os ya se va a necesitar otra remodelaci√≥n de otros 19 a√±os y as√≠ sucesivamente jajajajaja,Excelsior
537,üëç,Excelsior
538,Doc Renx√∂ Cartoon,Excelsior
539,"Decadas sin nada de mantenimiento, es obvio que no ser√° de la noche a la ma√±ana üôÑ",Excelsior
540,"Ya para cuando acaba mediocremente la √∫ltima estaci√≥n, necesitar√° de nuevo modernizaci√≥n, la primera con la que empezaron",Excelsior
541,"Eso si no sale otro iluminado que ""con el apoyo del pueblo"" cancele todo por capricho",Excelsior
542,Para ese entonces Elon m√∫sk va a ser el due√±o del mundo...jajaja,Excelsior
543,"Que ""haiga"" una buena se√±al del ""interweb"" de la ciudad pa' colgarme y jugar chido el ""frifayer""",Excelsior
544,Todo esto gracias a la T de 4a... vota PRI,Excelsior
545,"Tienes toda la raz√≥n, hay que acabar con la campa√±a de odio de qui√©nes al no tener propuestas solo se dedican a mentir a difamar y a su campa√±a de odio de clasismo, como ejemplo de esto : ""los ninis"", los color ""cart√≥n mojado"", los que le dicen traidor aquel que se sali√≥ de su partido, los medios de desinformaci√≥n que dicen que las vacunas de los rusos son para los rusos, los que le dicen dictador, los que le dicen KKS, los que dicen, que vamos a ser Venezuela, los de que es un Mes√≠as tropical, los que mienten todos los d√≠as y hoy son ecologistas, ma√±ana financieros, pasado traen una camioneta 4x4 y se dicen ecologistas, si vasta de tanta mentira yo apoyo la r√©plica del mismo modo de donde saquen sus mentiras como en sus primeras planas y ah√≠ lo difundan de igual forma estoy contigo, la mentira y la calumnia fueron el motor del partido nazi en Alemania",Excelsior
546,Cu√°nto hacia los opositores voy a llorar,Excelsior
547,Cuando los prianistas tengan respeto por la gente y no tengan frases que para denigrar con calificativos de odio hasia los dem√°s entonces la ciudadan√≠a parara de decirles frase desagradables cuando menos pienselo a toda acci√≥n siempre ai una reacci√≥n,Excelsior
548,No Master se acabaron los sumisos la gente cuestiona y quiere resultados lo q pasa q su capacidad intelectual no logra percibir q la gente ya dej√≥ de ser sumisa sigan con su pensamiento pusilam,Excelsior
549,"Toda la raz√≥n, ese viejo es peligroso por su resentimiento, odia todo lo que es diferente a su pensamiento, pero, el en el poder sabe mover masas bastante ignorantes y resentidas",Excelsior
550,"No es una acusaci√≥n, es una manifestaci√≥n de la verdad, el pueblo de M√©xico y el mundo entero es testigo, las burlas fueron un plus de parte de los prianistas. No se quejen ustedes mismos lo saben y no es el presidente, somos el pueblo de M√©xico el que lo dice.",Excelsior
551,Martha Hernandez,Excelsior
552,"Primero s√°cate la papa que tienes en la boca, ""Osea si"" üòúüòú",Excelsior
553,"DISCULPE USTED PERO EL PUEBLO EST√Å DE PIE Y EN CONTRA DE TRAIDORES A LOS MEXICANOS NO LOS ODIAMOS
QUEREMOS JUSTICIA",Excelsior
554,"No es campa√±a contra los traidores, es pleno conocimiento de su servicio a intereses creados desde sus partidos o de quien los financia, y no es el presidente somos la mayor√≠a de los mexicanos que hoy sabemos quienes est√°n a favor o en contra",Excelsior
555,El odio no es bueno mata el alma y la envenena Viva Mexico üôèüíØ sin odio,Excelsior
556,aaaaa pobresitos la verdad duele.,Excelsior
557,Totalmente de acuerdo el odio no deja nada bueno por el solo echo de no compartir ideas busquemos llegar a buenos acuerdos si podemos vernos como amigos,Excelsior
558,Aparte de esta informaci√≥n sin TOMAR EN CUENTA AL PUEBLO EST√Å USTED PAGADO LO SABEMOS,Excelsior
559,Lupita Vale,Excelsior
560,Traidores,Excelsior
561,Te equivocas o es odio solo es la verdad vende patrias,Excelsior
562,√áhoyo amarillista desde antes de lo mencionado,Excelsior
563,Nadie te lee x eso estas con el uni,Excelsior
564,"Es.el.pueblo.q.
ya.se.canso.de.
.tanto.ratero.d
isfrasado.de.po
litico",Excelsior
565,"Ah si ahora es odio..Antes era exterminar con la guerra...palabr
as de conveniencia neoliberal",Excelsior
566,"Que bueno que rectificaron, era aberrante quitar esa √∫nica opci√≥n para los ni√±os desprotegidos.",Excelsior
567,"Hay que casualidad, c√≥mo va hacer la candidata de Morena al estado de M√©xico.",Excelsior
568,"Gobierno de Ocurrencias,",Excelsior
569,"Puro Blablabla
Solo ser√° medi√°tico por las Elecciones.",Excelsior
570,Rogelio Tovilla tienes raz√≥n es un gobierno de Ocurrencias pero el beneficio de los mexicanos no como los vende patrias que solo ten√≠an Ocurrencias de como joder al pueblo mexicano,Excelsior
571,Cual reglas deber√≠an de ser solo 4 horas no toda la ma√±ana ya el COVID se fue de vacaciones q casualidad solo quer√≠an separar ala gente,Excelsior
